Abbasanta,settlement
Abbazia di San Galgano,building
Abisso del Bifurto,natural_area
Abruzzo,region
Accademia Nazionale di Danza,building
Accademia delle Belle Arti di Napoli,building
Accademia di Belle Arti di Brera,building
Accademia di Belle Arti di Napoli,building
Accra,settlement
Acerenza,settlement
Acerra,settlement
Acqua Traverse,water
Acquasparta,settlement
Acque Traverse,water
Adige,water
Adria,settlement
Adriatico,water
Afghanistan,nation
Africa,continent
Africo,settlement
Aglianico,region
Agrigento,settlement
Agro Pontino,region
Agro romano,region
Ajaccio,settlement
Alaska,region
Alba,settlement
Alba Longa,settlement
Albalonga,settlement
Albania,nation
Alberobello,settlement
Alcarràs,settlement
Aleppo,settlement
Alessandria d'Egitto,settlement
Algeria,nation
Alghero,settlement
Alleghe,settlement
Alliano,settlement
Almeria,settlement
Alpi,elevation
Alpi Fred,elevation
Alpi dell'Ötztal,elevation
Alsazia,region
Alta Corte di Giustizia de L'Aja,building
Alta Valtellina,region
Altamura,settlement
Alto Adige,region
Alto Vicentino,region
Altopiano di Asiago,elevation
Alvernia,region
Amalfi,settlement
Amazzonia,region
Amburgo,settlement
America,continent
America Latina,region
America meridionale,region
Americhe,continent
Amsterdam,settlement
Ancona,settlement
Andalusia,region
Anguillara,settlement
Annapurna,elevation
Antico Egitto,nation
Antigua,settlement
Anversa,settlement
Appennini,elevation
Appennini toscani,elevation
Appenninico,elevation
Appennino,elevation
Appennino Emiliano,elevation
Appennino Pistoiese,elevation
Appennino Reggiano,elevation
Appennino Toscano,elevation
Appennino Tosco-Emiliano,elevation
Appennino emiliano,elevation
Appennino toscano,elevation
Appennino tosco-emiliano,elevation
Aquila,settlement
Arabia,region
Arad,settlement
Aragona,region
Aranceto,neighborhood
Arborea,settlement
Arbus,settlement
Archivio Storico Luce,building
Area 51,generic_area
Arezzo,settlement
Argenta,settlement
Argentario,region
Argentina,nation
Arizona,region
Armenia,nation
Arno,water
Art District,neighborhood
Ascoli Piceno,settlement
Asia,continent
Asia Minore,region
Asiago,settlement
Asinara,water
Asolo,settlement
Aspromonte,elevation
Assisi,settlement
Asti,settlement
Atene,settlement
Atessa,settlement
Atlantico,water
Atlantide,settlement
Auschwitz,settlement
Austin,settlement
Australia,nation
Austria,nation
Austria-Ungheria,nation
Avana,settlement
Avellino,settlement
Avellino Rocchetta S.Antonio,settlement
Avellino-Rocchetta S.Antonio,settlement
Aversa,settlement
Avezzano,settlement
Aviano,settlement
Avila,settlement
Baghdad,settlement
Bagheria,settlement
Bagnoli,neighborhood
Baixa,neighborhood
Balcani,region
Ballarò,neighborhood
Balmoral,building
Baltico,water
Banari,settlement
Banco Ambrosiano,building
Banco di Napoli,building
Bangkok,settlement
Bangladesh,nation
Bangland,nation
Baniyas,settlement
Banyuls-sur-mer,settlement
Barbagia,region
Barcellona,settlement
Barcola,neighborhood
Bari,settlement
Barona,neighborhood
Basentana,region
Basilea,settlement
Basilica,building
Basilicata,region
Basso Salento,region
Baviera,region
Beirut,settlement
Belfast,settlement
Belgio,nation
Belgrado,settlement
Bellagio,settlement
Bellano,settlement
Belleville,neighborhood
Bellinzona,settlement
Belluno,settlement
Belo Horizonte,settlement
Belvedere,neighborhood
Beneventano,region
Bengala,region
Bergamo,settlement
Berlino,settlement
Berna,settlement
Betlemme,settlement
Bhutan,nation
Biadene,settlement
Biella,settlement
Bielorussia,nation
Birmania,nation
Bisanzio,settlement
Bitonto,settlement
Bobbio,settlement
Boca,settlement
Bochum,settlement
Bolivia,nation
Bollate,settlement
Bologna,settlement
Bolsena,settlement
Bolzano,settlement
Bordeaux,settlement
Borgo Teresiano,neighborhood
Borgovecchio,neighborhood
Borneo,water
Bosa,settlement
Bosforo,water
Bosnia,nation
Bosnia Herzegovina,nation
Bosnia-Erzegovina,nation
Boston Chicago,settlement
Boston,settlement
Brancaccio,neighborhood
Brasile,nation
Brembate di Sopra,settlement
Brera,neighborhood
Brescia,settlement
Bretagna,region
Brianza,region
Brindisi,settlement
Brisbane,settlement
Bronx,neighborhood
Brooklyn,neighborhood
Bruxelles,settlement
Bucarest,settlement
Buckingham Palace,building
Budapest,settlement
Buenos Aires,settlement
Buggiano,settlement
Bulgaria,nation
Buonconvento,settlement
Burkina Faso,nation
Bussi,settlement
Cacchiano Umbro,settlement
Cadegliano Viconago,settlement
Cadore,region
Cagliari,settlement
Cairano,settlement
Cairo,settlement
Calabresi,region
Calabria,region
Calais,settlement
Calcutta,settlement
California,region
Calitri,settlement
Caltabellotta,settlement
Calvi,settlement
Cambogia,nation
Camelot,settlement
Camerun,nation
Campania,region
Campania Felix,region
Campi Bisenzio,settlement
Campi Flegrei,region
Campidano,region
Campo Imperatore,natural_area
Campo di Hereford,natural_area
Campobasso,settlement
Campobello,settlement
Campolaro della Carair,natural_area
Camporeale,settlement
Canada,nation
Canale di Suez,water
Canarie,water
Cannes,settlement
Canton,settlement
Capaci,settlement
Capalbio,settlement
Cape Town,settlement
Capo Nord,generic_area
Capo Rizzuto,generic_area
Capo di Leuca,generic_area
Cappella Sistina,building
Capri,water
Caracas,settlement
Caraibi,region
Carcere di Ancona,building
Carcere di Lodi,building
Carcere di Poggioreale,building
Carcere di Rebibbia,building
Carcere di Rovigo,building
Carcere di Torino,building
Carditello,settlement
Carnia,region
Carpazi,elevation
Carpinone-Sulmona,settlement
Carrara,settlement
Carso,region
Casa Bianca,building
Casa Circondariale Lorusso e Cutugno di Torino,building
Casa Sollievo,building
Casa Verdi,building
Casa di Reclusione di Civitavecchia,building
Casablanca,settlement
Casabona,settlement
Casal del Marmo,neighborhood
Casal di Principe,settlement
Casalborgone,settlement
Casale Monferrato,settlement
Casavatore,settlement
Caserta,settlement
Castel Fusano,building
Castel Nuovo,building
Castel Porziano,building
Castel San Giorgio,settlement
Castel Sant'Angelo,building
Castel Volturno,settlement
Castel d'Ario,settlement
Castel dell'Ovo,building
Castellabate,settlement
Castellavazzo,settlement
Castello di Azzurrina,building
Castello di Cagliari,building
Castello di Strongoli,building
Castelrotto,settlement
Castelvecchio,neighborhood
Castelvolturno,settlement
Castiglia,region
Castiglione della Pescaia,settlement
Castro,settlement
Catalogna,region
Catania,settlement
Catanzaro,settlement
Caulonia,settlement
Cava de' Tirreni,settlement
Cecenia,region
Cecoslovacchia,nation
Cefalonia,water
Centocelle,neighborhood
Centrale di Milano,building
Centro Direzionale,neighborhood
Centro Sperimentale di Cinematografia,building
Centro storico di Bologna,neighborhood
Ceraso,settlement
Certosa,building
Certosa di Padula,building
Cervia,settlement
Cesena,settlement
Cesenatico,settlement
Cetara,settlement
Chernobyl,settlement
Chiasso,settlement
Chicago,settlement
Chioggia,settlement
Chitwan,region
Chiusi,settlement
Cile,nation
Cilento,region
Cimitero Allegro,building
Cimitero Inglese,building
Cimitero Monumentale,building
Cimitero di Poggioreale,building
Cimitero di Varsavia,building
Cina,nation
Cinecittà,neighborhood
Cinisi,settlement
Ciociaria,region
Cipro,nation
Circeo,elevation
Circo Massimo,building
Circo Olimpico,building
Cisterna di Latina,settlement
Città del Capo,settlement
Città del Messico,settlement
Città della Scienza,building
Civita,settlement
Civita di Bagnoregio,settlement
Civita di Terentola,settlement
Civitella San Paolo,settlement
Ciénaga,settlement
Codevigo,settlement
Codissago,settlement
Cogne,settlement
Colico,settlement
Colle Vignoni,settlement
Colle della Nasca,elevation
Collegno,settlement
Collenovo,settlement
Colombia,nation
Colorado,region
Colosseo,building
Columbia,region
Comacchio,settlement
Como,settlement
Comune di Napoli,building
Comune di Trieste,building
Comunità Montana di Bormio - Alta Valtellina,building
Concadalbero,settlement
Conegliano,settlement
Conero,elevation
Congo,nation
Connecticut,region
Conservatorio,building
Conservatorio San Pietro,building
Contrada Tuono,neighborhood
Convento delle Clarisse,building
Conversano,settlement
Copenhagen,settlement
Copertino,settlement
Corleone,settlement
Cornigliano,neighborhood
Corsica,water
Cortina,settlement
Cortina d'Ampezzo,settlement
Cortona,settlement
Cosenza,settlement
Costa Azzurra,region
Costa Rica,nation
Costa d'Avorio,nation
Costa d'Opale,region
Costantinopoli,settlement
Costarica,nation
Costiera Amalfitana,region
Courmayeur,settlement
Cozzo Dxuhait,elevation
Cremlino,building
Cremona,settlement
Crespi d'Adda,settlement
Croazia,nation
Crocetta,neighborhood
Crotone,settlement
Cuba,nation
Cuccaro Vetere,settlement
Cuneo,settlement
Cupiello,neighborhood
Cupola di San Pietro,building
Custonaci,settlement
Dachau,settlement
Dakar,settlement
Dalmazia,region
Dalmine,settlement
Damasco,settlement
Danimarca,nation
Danubio,water
Death Valley,valley
Delta del Niger,water
Delta del Po,water
Derna,settlement
Deserto dell'Almeria,natural_area
Disneyland,building
Dolomiti,elevation
Douala,settlement
Dover,settlement
Dubai,settlement
Dublino,settlement
Duchessa di Amalfi,settlement
Due Sicilie,nation
Duomo,building
Duomo di Milano,building
Durazzo,settlement
East End,neighborhood
Egitto,nation
El Alamein,settlement
Elba,water
Ellis Island,water
Emilia,region
Emilia Romagna,region
Emirati Arabi,nation
Emmaus,settlement
Enna,settlement
Eolie,water
Equatore,nation
Eraklyon,settlement
Eritrea,nation
Erto,settlement
Esedra,neighborhood
Esquilino,neighborhood
Est Europa,region
Etiopia,nation
Etna,elevation
Eur,neighborhood
Eur di,neighborhood
Europa,continent
Europa del Nord,region
Everest,elevation
FacoltÃ  di Bologna,building
Faenza,settlement
Falkland,water
Fallujah,settlement
Fermo,settlement
Ferrara,settlement
Festival di Sanremo,building
Fiandre,region
Fiesole,settlement
Filadelfia,settlement
Filippine,nation
Finale Emilia,settlement
Finlandia,nation
Firenze,settlement
Fiume Azzurro,water
Fiume Isonzo,water
Fiume Po,water
Fiumicino,settlement
Floriano del Collio,settlement
Florida,region
Floridia,settlement
Flòr da Baixa,neighborhood
Foggia,settlement
Foligno,settlement
Follonica,settlement
Fontanarosa,settlement
Forcella,neighborhood
Foresta Amazzonica,natural_area
Foresta Nera,natural_area
Foresta Umbra,natural_area
Fori Imperiali,street
Forlì,settlement
Formentera,water
Formia,settlement
Forno di Zoldo,settlement
Forte dei Marmi,settlement
Fortezza,settlement
Fossa del Tirreno,water
Francia,nation
Francoforte,settlement
Fregene,settlement
Friburgo,settlement
Friuli,region
Friuli Venezia Giulia,region
Frosinone,settlement
Fuorigrotta,neighborhood
Gaeta,settlement
Galilea,region
Gallia,region
Gallura,region
Galveston,settlement
Gange,water
Garage Olimpo,building
Gardalavaca,settlement
Gargano,region
Gaza,settlement
Gazometro di Roma,building
Gela,settlement
Genova,settlement
Georgia post-sovietica,nation
Germania,nation
Germania del Nord,region
Gerusalemme,settlement
Ghana,nation
Ghetto,neighborhood
Ghetto di Roma,neighborhood
Ghilarza,settlement
Giappone,nation
Giardino di Villa Bardini,building
Gioia Tauro,settlement
Giordania,nation
Giovinazzo,settlement
Giudea,region
Giudecca,neighborhood
Giura,elevation
Giussano,settlement
Goa,region
Goleto,settlement
Golfo,water
Golfo Persico,water
Golfo di Napoli,water
Gorizia,settlement
Graceland,building
Gradisca,settlement
Grado,settlement
Gradoli,settlement
Gran Bazar di Istanbul,building
Gran Bretagna,nation
Gran Sasso,elevation
Granada,settlement
Grande Mela,settlement
Granducato di Toscana,nation
Gravina,settlement
Grecia,nation
Groenlandia Orientale,region
Grosseto,settlement
GrÃ¢ndola,settlement
Grândola,settlement
Guatemala,nation
Guidonia,settlement
Guyana,nation
Hammamet,settlement
Havre,settlement
Helsinki,settlement
Hereford,settlement
Himalaya,elevation
Himalayana,elevation
Hiroshima,settlement
Holguin,settlement
Hollywood,neighborhood
Hong Kong,settlement
Hotel Copacabana,building
Hotel Du Nord,building
Hotel Fairmont,building
Hotel Gagarin,building
Hotel Meina,building
Ibiza,water
Il Cairo,settlement
Illirico,region
Ilva di Napoli,building
Imola,settlement
Imperia,settlement
Impero Ottomano,nation
Impero austro-ungarico,nation
Impero d'Occidente,nation
India,nation
Inferno,generic_area
Inghilterra,nation
Inquisizione,building
Ios,water
Iowa,region
Iquitos,settlement
Iran,nation
Iraq,nation
Irlanda,nation
Irlanda del nord,region
Irpinia,region
Ischia,water
Islanda,nation
Isola,water
Isola d'Elba,water
Isola del Diavolo,water
Isola del Giglio,water
Isola dell'Asinara,water
Isola delle Rose,water
Isola di Salina,water
Isola di Ustica,water
Isolarotonda,water
Isole Cayman,water
Isole Eolie,water
Isole Tremiti,water
Isonzo,water
Israel,nation
Israele,nation
Istanbul,settlement
Istituto Luce,building
Istituto Penale,building
Istituto San Luigi,building
Istmo,water
Itaca,water
Italia,nation
Italia Nord,region
Italia centrale,region
Italia del Sud,region
Italie,nation
Italy,nation
Ivrea,settlement
Jalisco,region
Jugoslavia,nation
Juventus,building
Kansas,region
Karabakh,region
Kathmandu,settlement
Kazakistan,nation
Kenya,nation
Khouribga,settlement
Kigali,settlement
Klagenfurt,settlement
Kosovo,nation
Kuala Lumpur,settlement
Kurdistan,region
Kyoto,settlement
L' Aquila,settlement
L'Aquila,settlement
L'Avana,settlement
La Ciénaga,settlement
La Galite,water
La Mancha,region
La Rocca,building
La Scala,building
La Serenissima,nation
La Spezia,settlement
Lacedonia,settlement
Ladispoli,settlement
Lago Maggiore,water
Lago d'Iseo,water
Lago degli Idoli,water
Lago del Turano,water
Lago di Bolsena,water
Lago di Como,water
Lago di Garda,water
Lago di Prespa,water
Lago di Resia,water
Lagos,settlement
Laguna,water
Laguna San Rafael,water
Laguna di Venezia,water
Lajatico,settlement
Lambrate,neighborhood
Lamezia Terme,settlement
Lampedusa,water
Lanerossi Vicenza,building
Langa,region
Langhe,region
Laos,nation
Las Vegas,settlement
Latina,settlement
Lazio,region
Le Havre,settlement
Lecce,settlement
Lecco,settlement
Legnano,settlement
Leuca,settlement
Libano,nation
Libia,nation
Lido,neighborhood
Lido di Ostia,settlement
Lido di Venezia,settlement
Liguria,region
Lima,settlement
Limerick,settlement
Lipari,water
Lisbona,settlement
Livigno,settlement
Livorno,settlement
Lodi,settlement
Lombardia,region
Londra,settlement
Longarone,settlement
Los Angeles,settlement
Lubiana,settlement
Lucania,region
Lucca,settlement
Lugano,settlement
Luino,settlement
Lunigiana,region
Lussemburgo,nation
Lussino,water
Macedonia,nation
Macerata,settlement
Machu Picchu,settlement
Madagascar,nation
Madeira,water
Madrid,settlement
Magliano,settlement
Maiella,elevation
Maine,region
Majella,elevation
Malatya,settlement
Malawi,nation
Malesia,nation
Mali,nation
Malta,nation
Malpensa,building
Managua,settlement
Manchester,settlement
Manduria,settlement
Manhattan,neighborhood
Manila,settlement
Mantova,settlement
Marassi,neighborhood
Mar Caspio,water
Mar Egeo,water
Mar Ionio,water
Mar Ligure,water
Mar Mediterraneo,water
Mar Nero,water
Mar Rosso,water
Marche,region
Maremma,region
Marghera,neighborhood
Marigliano,settlement
Marina,neighborhood
Marina di Camerota,settlement
Marocco,nation
Marsala,settlement
Marsiglia,settlement
Martina Franca,settlement
Maryland,region
Massachusetts,region
Massa,settlement
Matera,settlement
Mauritania,nation
Mazara del Vallo,settlement
Mazzarino,settlement
Medellin,settlement
Mediterraneo,water
Medoro,neighborhood
Melbourne,settlement
Melfi,settlement
Merano,settlement
Messico,nation
Messina,settlement
Mestre,neighborhood
Mexico City,settlement
Miami,settlement
Michigan,region
Medio Oriente,region
Milano,settlement
Mineo,settlement
Minsk,settlement
Mira,settlement
Mirandola,settlement
Miseno,settlement
Missisipi,water
Modena,settlement
Mogadiscio,settlement
Moldova,nation
Molise,region
Mompracem,water
Monaco,nation
Monastero di Santa Chiara,building
Monfalcone,settlement
Mongolia,nation
Monopoli,settlement
Monreale,settlement
Montagna,elevation
Montagnana,settlement
Montagne Rocciose,elevation
Montalbano,region
Montale,settlement
Montana,region
Monte Argentario,elevation
Monte Bianco,elevation
Monte Carlo,settlement
Monte Circeo,elevation
Monte Grappa,elevation
Monte Rosa,elevation
Monte Sant'Angelo,settlement
Monte Soratte,elevation
Monte Testaccio,elevation
Monte Vesuvio,elevation
Monte di Procida,settlement
Montebello,settlement
Montecarlo,settlement
Montecassino,building
Montecatini,settlement
Montelupo Fiorentino,settlement
Montenegro,nation
Montepulciano,settlement
Monterey,settlement
Monterotondo,settlement
Monti Lattari,elevation
Monti Sibillini,elevation
Monticelli,settlement
Montichiari,settlement
Montreal,settlement
Montréal,settlement
Monza,settlement
Moratoria,settlement
Morbegno,settlement
Mormanno,settlement
Mortara,settlement
Mosca,settlement
Mosul,settlement
Mozambico,nation
Mumbai,settlement
Munchhausen,settlement
Munich,settlement
Murano,neighborhood
Murgia,region
Napoli,settlement
Nardò,settlement
Navona,street
Nazareth,settlement
Neapolis,settlement
Nebraska,region
Negev,region
Nepal,nation
Nettuno,settlement
Nevada,region
New Jersey,region
New Orleans,settlement
New York,settlement
Niagara,water
Nicaragua,nation
Niger,nation
Nigeria,nation
Nilo,water
Nizza,settlement
Nocera Inferiore,settlement
Nola,settlement
Nomentano,neighborhood
Norbello,settlement
Nord Africa,region
Nord America,continent
Nord Est,region
Nord Italia,region
Norimberga,settlement
Norvegia,nation
Notre Dame,building
Nouakchott,settlement
Nova Gorica,settlement
Nuoro,settlement
Nuovo Mondo,continent
Nuovo Olimpo,building
Occidente,region
Oceano Atlantico,water
Oceano Don,water
Oderzo,settlement
Olanda,nation
Olbia,settlement
Oneglia,settlement
Orto Botanico,building
Orvieto,settlement
Osaka,settlement
Oslo,settlement
Ospedale,building
Osservatorio Vesuviano,building
Osservatorio di Roma,building
Ostia,settlement
Ostia Idroscalo,settlement
Ostiense,neighborhood
Ostuni,settlement
Osuna,settlement
Otranto,settlement
Oxford,settlement
Pacifico,water
Padania,region
Paderborn,settlement
Padiglione 22,building
Padova,settlement
Paesi Baschi,region
Paesi Bassi,nation
Paestum,settlement
Pakistan,nation
Palagonia,settlement
Palais Wilson,building
Palatino,neighborhood
Palazzo Barberini,building
Palazzo Bonadies,building
Palazzo Chigi,building
Palazzo Comunale di Ferrara,building
Palazzo Farnese,building
Palazzo Fruscione,building
Palazzo Reale,building
Palazzo Te,building
Palazzo di Giustizia,building
Palazzo di Venezia,building
Palermo,settlement
Palestina,nation
Palestrina,settlement
Palio di Siena,building
Palmira,settlement
Pantelleria,water
Parco Nazionale d'Abruzzo,natural_area
Parco del Cilento,natural_area
Parigi,settlement
Parioli,neighborhood
Parma,settlement
Passo Borgo,street
Passo San Leonardo,street
Passo Scuro,street
Patagonia,region
Patagonia argentina,region
Patagonia cilena,region
Patrasso,settlement
Pavia,settlement
Pechino,settlement
Pembroke,settlement
Pentagono,building
Pergine,settlement
Perugia,settlement
Perù,nation
Pescara,settlement
Peschici,settlement
Peterzano,settlement
Petra,settlement
Philadelphia,settlement
Piacenza,settlement
Piadena,settlement
Pianosa,water
Pianura padana,region
Piave,water
Piazza Fontana,street
Piazza Minghetti,street
Piazza San Marco,street
Piazza San Pietro,street
Piazza Vittorio,street
Piazza del Mercato,street
Piazza del Popolo,street
Piazza delle Camelie,street
Piazza delle Cinque Lune,street
Piemonte,region
Pietra di Bismantova,elevation
Pietracamela,settlement
Pietralata,neighborhood
Pietralcina,settlement
Pietramezzana,settlement
Pietrammare,settlement
Pigneto,neighborhood
Piramide,building
Pirellone,building
Pirenei,elevation
Pisa,settlement
Pistoia,settlement
Plaza de Mayo,street
Plaza de la RevolucÃ¬on,street
Plaza de la Revolucìon,street
Po,water
Podrute,settlement
Poggioreale,neighborhood
Pola,settlement
Policoro,settlement
Polignano,settlement
Polignano a Mare,settlement
Politeama,building
Pollino,elevation
Pollsmoor,building
Polo Nord,generic_area
Polonia,nation
Poltu Quatu,settlement
Polverigi,settlement
Pomezia,settlement
Pompei,settlement
Ponente,neighborhood
Ponte Latino,street
Ponte Milvio,street
Ponte della Ghisolfa,street
Ponte di Brooklyn,street
Ponte di Mostar,street
Ponte di Rialto,street
Ponte sulla Drina,street
Pontedera Teatro,building
Pontina,street
Ponza,water
Pordenone,settlement
Port Said,settlement
Porta Alchemica,street
Porta Capuana,street
Porta Nuova,street
Porta Palazzo,street
Porta Pia,street
Portici,settlement
Porto Badisco,settlement
Porto Buio,settlement
Porto Rotondo,settlement
Porto Torres,settlement
Porto di Napoli,street
Portoferraio,settlement
Portofino,settlement
Portogallo,nation
Portorico,nation
Posillipo,neighborhood
Potenza,settlement
Pozzuoli,settlement
Praeneste,settlement
Praga,settlement
Pratello,neighborhood
Prato,settlement
Prealpi,elevation
Prenestina,neighborhood
Pretoria,settlement
Procida,water
Provenza,region
Provincia di Avellino,region
Provincia di Bari,region
Provincia di Benevento,region
Provincia di Bergamo,region
Provincia di Brindisi,region
Provincia di Cagliari,region
Provincia di Caserta,region
Provincia di Cuneo,region
Provincia di Enna,region
Provincia di Lecce,region
Provincia di Napoli,region
Provincia di Palermo,region
Provincia di Perugia,region
Provincia di Ragusa,region
Provincia di Rieti,region
Provincia di Roma,region
Provincia di Salerno,region
Provincia di Sassari,region
Provincia di Siracusa,region
Provincia di Trento,region
Puglia,region
Purulia,region
Quarticciolo,neighborhood
Questura di Milano,building
Quirinale,building
Racale,settlement
Radicofani,settlement
Ragusa,settlement
Rangoon,settlement
Ravenna,settlement
Re di Bologna,settlement
Rebibbia,neighborhood
Recanati,settlement
Recife,settlement
Reggia di Carditello,building
Reggia di Caserta,building
Reggio,settlement
Reggio Calabria,settlement
Reggio Emilia,settlement
Regno Unito,nation
Regno d'Italia,nation
Regno delle due Sicilie,nation
Regno di Napoli,nation
Regno di Sicilia,nation
Renon,region
Repubblica Ceca,nation
Repubblica Dominicana,nation
Repubblica di Macedonia,nation
Repubblica di Roma,nation
Resia,settlement
Reuma Park,building
Rho,settlement
Rialto,neighborhood
Riano,settlement
Riccione,settlement
Rieti,settlement
Riga,settlement
Rimini,settlement
Rio,settlement
Rio Grande,water
Rio Negro,water
Rio de Janeiro,settlement
Rio della Grana,water
Rio delle Amazzoni,water
Rione Sanità,neighborhood
Riparbella,settlement
Robben Island,water
Rocca Canterano,settlement
Rocca di Mezzo Sicula,settlement
Rocca di Radicofani,building
Rocca di Sopra,settlement
Rocca di Sotto,settlement
Roccaforte,settlement
Roccamonfina,settlement
Roccapinola,settlement
Roma,settlement
Roma Imperiale,nation
Roma Nord,neighborhood
Roma Sapienza,building
Roma Sud,neighborhood
Roma Termini,building
Roma di Piove,settlement
Romagna,region
Romania,nation
Roncone,settlement
Rosarno,settlement
Rosignano Solvay,settlement
Rotterdam,settlement
Rovereto,settlement
Rovigo,settlement
Ruffano,settlement
Russia,nation
Rwanda,nation
SS16,street
Sabaudia,settlement
Sabina,region
Sacra Corona Unita,building
Sacrario del Monte Grappa,building
Sacro Romano Impero,nation
Sahara,natural_area
Saint Lazare,building
Saint Lucia,water
Saint Moritz,settlement
Saint Vincent,settlement
Sala Ovale,building
Salento,region
Salerno,settlement
Salina,water
Salonicco,settlement
Salvia di Lucania,settlement
Salò,settlement
San Basilio,neighborhood
San Berillo,neighborhood
San Carlo,building
San Casciano in Val di Pesa,settlement
San Damiano,settlement
San Felice Circeo,settlement
San Felice del Circeo,settlement
San Floriano del Collio,settlement
San Francisco,settlement
San Gennaro,building
San Giorgio,neighborhood
San Giovanni,neighborhood
San Giovanni Rotondo,settlement
San Giovanni a Teduccio,neighborhood
San Lorenzo,neighborhood
San Lorenzo al Vesuvio,settlement
San Lupo,settlement
San Martino,neighborhood
San Miniato al Tedesco,settlement
San Nicola Arcella,settlement
San Pietro,neighborhood
San Pietro Avellana,settlement
San Pietro a Corte,building
San Pietroburgo,settlement
San Pietrogrado,settlement
San Salvador,settlement
San Salvario,neighborhood
San Vittore,building
Sangro,water
Sannio,region
Sanremo,settlement
Sansevero,building
Sant'Apollinare,building
Santa Brigida,settlement
Santa Caterina,settlement
Santa Caterina di Prato,settlement
Santa Cristina,settlement
Santa Fede,settlement
Santa Maria della Pace,building
Santa Maria delle Azzorre,water
Santa Marinella,settlement
Santa Mira,settlement
Santa Sede,nation
Santa Teresa d'Avila,settlement
Santiago,settlement
Santiago del Cile,settlement
Santo Domingo,settlement
Santo Stefano degli Ulivi,settlement
Santorini,water
Santuario della Fortuna Primigenia,building
Sao Paulo,settlement
Sapienza,building
Saragozza,settlement
Sarajevo,settlement
Sardegna,region
Sardella,settlement
Sarroch,settlement
Sassari,settlement
Sasso d'Italia,elevation
Saturnia,settlement
Saviano,settlement
Savona,settlement
Scampia,neighborhood
Scanzano,settlement
Scanzano Jonico,settlement
Schirmeck,settlement
Scicli,settlement
Sebina,region
Secondigliano,neighborhood
Segrate,settlement
Selva Amazzonica,natural_area
Senagal,nation
Senegal,nation
Senna,water
Serbia,nation
Serramezzana,settlement
Sesia,water
Sesto,settlement
Sestu,settlement
Shanghai,settlement
Sharm el Sheikh,settlement
Siberia,region
Siberia Orientale,region
Sibillini,elevation
Sicilia,region
Sicilia meridionale,region
Siena,settlement
Sila,elevation
Silicon Valley,region
Siracusa,settlement
Siria,nation
Siviglia,settlement
Slavia-Veneta,region
Slovacchia,nation
Slovenia,nation
Somalia,nation
Somma Vesuviana,settlement
Sorrento,settlement
Spaccanapoli,street
Spagna,nation
Spalato,settlement
Sparta,settlement
Spezia,settlement
Spinaceto,neighborhood
Spinazzola,settlement
Srebrenica,settlement
Sri Lanka,nation
St. Moritz,settlement
Stadio Olimpico,building
Stati Uniti,nation
Stati Uniti d'America,nation
Stato Pontificio,nation
Stazione Greco-Pirelli,building
Stazione Termini,building
Stazione di Bologna,building
Stazione di Rocchetta,building
Sternatia,settlement
Stoccolma,settlement
Strada statale 16 Adriatica,street
Strasburgo,settlement
Stresa,settlement
Striscia di Gaza,region
Stromboli,water
Strongoli,settlement
Su Pallosu,settlement
Suburra,neighborhood
Sud Africa,nation
Sud America,continent
Sud Italia,region
Sud Tirolo,region
Sud pontino,region
Sudafrica,nation
Sudamerica,continent
Sudan,nation
Sulmona,settlement
Sultanato delle Due Sicilie,nation
Supersano,settlement
Susa,settlement
Sussò,settlement
Suzhou,settlement
Svalbard,region
Svezia,nation
Svizzera,nation
Svizzera italiana,region
Syangboche,settlement
Sydney,settlement
Sèvres,settlement
Tagikistan,nation
Tangeri,settlement
Tanzania,nation
Taormina,settlement
Taranto,settlement
Tarvisio,settlement
Taurasi,settlement
Tayibe,settlement
Tbilisi,settlement
Teano,settlement
Teatro Ateo,building
Teatro Dubrovka,building
Teatro Eliseo,building
Teatro Metastasio,building
Teatro Regio,building
Teatro San Carlo,building
Teatro Sistina,building
Teatro Stabile,building
Teatro Valle,building
Teatro antico di Taormina,building
Teatro dell'Elfo,building
Teatro della Sapienza,building
Teatro di Roma,building
Tebe,settlement
Teheran,settlement
Tel Aviv,settlement
Tel-Aviv,settlement
Tempio Maggiore,building
Teramo,settlement
Terezin,settlement
Terme,building
Termini,neighborhood
Termini Imerese,settlement
Terra Santa,region
Terra dei Fuochi,region
Terracina,settlement
Terrarossa,settlement
Terrasini,settlement
Tevere,water
Texas,region
Thailandia,nation
Tibet,region
Tiburtina Valley,neighborhood
Ticino,region
Tierra del Fuego,region
Timpa delle Magare,elevation
Tirana,settlement
Tirolo,region
Tirrenica,region
Tirreno,water
Tirreno cosentino,water
Tivoli,settlement
Togo,nation
Tokyo,settlement
Toledo,settlement
Tolmezzo,settlement
Tolone,settlement
Tolosa,settlement
Tombolo,settlement
Tor Bella Monaca,neighborhood
Tor Sapienza,neighborhood
Tor di Valle,neighborhood
Torbellamonaca,neighborhood
Torino,settlement
Toronto,settlement
Torpignattara,neighborhood
Torre Annunziata,settlement
Torre Canne,settlement
Torre Eiffel,building
Torre del Lago,settlement
Torre di Londra,building
Torrematta,settlement
Torvaianica,settlement
Toscana,region
Trani,settlement
Transilvania,region
Transkei,region
Transnistria,region
Trapani,settlement
Trastevere,neighborhood
Tre Cime,elevation
Trebbia,water
Trentino,region
Trento,settlement
Trevi,settlement
Treviso,settlement
Tribunale di Palermo,building
Tribunale di Sassari,building
Trieste,settlement
Trinacria,region
Tripoli,settlement
Triveneto,region
Troia,settlement
Tropea,settlement
Tunisi,settlement
Tunisia,nation
Turchia,nation
Turingia,region
Turkmenistan,nation
Tuscia,region
Tuscolana,neighborhood
USA,nation
Ucraina,nation
Udine,settlement
Umbria,region
Una Catania,settlement
Ungheria,nation
Unione Sovietica,nation
Università La Sapienza,building
Università dell'Aquila,building
Università di Bologna,building
Università di Catania,building
Università di Cosenza,building
Università di Firenze,building
Università di Milano,building
Università di Napoli,building
Università di Pisa,building
Università di Roma,building
Università di Teheran,building
Urbe,settlement
Uruguay,nation
Ustica,water
Vajont,water
Val Codera,valley
Val Grande,valley
Val Susa,valley
Val d'Orcia,valley
Val dei Mocheni,valley
Val di Non,valley
Val di Susa,valley
Valacchia,region
Valbona,settlement
Valdobbiadene,settlement
Valencia,settlement
Valguarnera,settlement
Valle Serena,valley
Valle d'Aosta,region
Valle d'Itria,valley
Valle de los Caidos,valley
Valle del Chiese,valley
Valle del Vajont,valley
Valli del Natisone,valley
Vallombrosa,settlement
Valona,settlement
Valsamoggia,settlement
Valtellina,region
Vang Vieng,settlement
Varsavia,settlement
Vaticano,nation
Veneto,region
Venezia,settlement
Venezuela,nation
Ventimiglia,settlement
Ventotene,water
Vermiglio,settlement
Verona,settlement
Verona Porta Nuova,building
Versailles,building
Versilia,region
Vesuvio,elevation
Via Crucis,street
Via Don Minzoni,street
Via Emilia Ponente,street
Via Melchiorre Gioia,street
Via Veneto,street
Via del Mandrione,street
Via dell'Aspromonte,street
Viareggio,settlement
Vicenza,settlement
Vienna,settlement
Vietnam,nation
Vietri sul Mare,settlement
Vigevano,settlement
Villa Adriana,building
Villa Bellini,building
Villa Bianca,building
Villa Castelpulci,building
Villa El Chocon,building
Villa Epecuén,building
Villa Gioconda,building
Villa LaganÃ,building
Villa Maraini,building
Villa Matura,building
Villa Primic,building
Villa Quiete,building
Villa Recchi,building
Villa Torlonia,building
Villalba,settlement
Villanova,settlement
Viterbo,settlement
Vittoriale,building
Vittorio Veneto,settlement
Vitulano,settlement
Voghera,settlement
Volterra,settlement
Volturno,water
Vomero,neighborhood
Vulture,elevation
Wall Street,street
Washington,settlement
West Bank,region
Wolfsburg,settlement
Wyoming,region
Yamagata,settlement
Yerevan,settlement
Yono-Cho,settlement
Yssingeaux,settlement
Yunnan,region
Zamora,settlement
Zen di Palermo,neighborhood
Zurigo,settlement
aeroporto di Bolzano,building
bacino del Vajont,water
carcere di Lecce,building
castello di Clarendon,building
cimitero di Napoli,building
delta del Niger,water
diga del Vajont,building
galassia di Andromeda,generic_area
isola Tiberina,water
lago Maggiore,water
lago d'Iseo,water
lago di Como,water
liceo Manzoni,building
liceo classico Parini,building
mar Tirreno,water
mar di Sardegna,water
mare dell'Argentario,water
monte Circeo,elevation
monte Toc,elevation
palazzo Chigi,building
parco del Gianicolo,natural_area
piazza Navona,street
porto di Napoli,street
provincia di Lecce,region
provincia di Milano,region
reggia di Napoli,building
rione Sanità,neighborhood
stazione Termini,building
stazione di Bologna,building
stazione di Roma Termini,building
stretto di Messina,water
valle del Vajont,valley
via Caetani,street
via Fani,street
